,CRF0113-3,152,155,148
,CRF0114-1,215,217,203
,CRF0114-2,190,184,168
,CRF0114-3,143,134,117
,CRF0115-1,110,119,126
,CRF0115-2,83,94,99
,CRF0115-3,69,79,84
,CRF0116-1,85,91,97
,CRF0116-2,75,82,86
,CRF0116-3,57,65,67
,CRF0117-1,113,115,111
,CRF0117-2,77,80,77
,CRF0117-3,37,35,35
,CRF0107-1,159,188,218
,CRF0107-2,117,144,177
,CRF0107-3,84,121,162
,CRF0108-1,186,189,202
,CRF0108-2,155,170,196
,CRF0108-3,105,119,150
,CRF0109-1,202,218,233
,CRF0109-2,136,146,157
,CRF0109-3,95,106,119
,CRF0110-1,193,204,209
,CRF0110-2,162,172,172
,CRF0110-3,131,145,148
,CRF0111-1,211,219,220
,CRF0111-2,158,159,158
,CRF0111-3,115,118,119
,CRF0112-1,207,210,206
,CRF0112-2,168,167,163
,CRF0112-3,127,128,124
,CRF0113-1,224,230,224
,CRF0113-2,199,200,190
,CRF0100-2,163,195,202
,CRF0100-3,102,139,153
,CRF0101-1,180,202,217
,CRF0101-2,141,160,174
,CRF0101-3,55,88,102
,CRF0102-1,156,174,184
,CRF0102-2,119,154,179
,CRF0102-3,57,95,126
,CRF0103-1,193,209,217
,CRF0103-2,131,168,195
,CRF0103-3,81,123,155
,CRF0104-1,138,188,210
,CRF0104-2,107,170,204
,CRF0104-3,59,128,174
,CRF0105-1,177,210,228
,CRF0105-2,126,178,219
,CRF0105-3,33,112,176
,CRF0106-1,147,196,225
,CRF0106-2,72,149,212
,CRF0106-3,40,98,154
,CRF093-3,103,118,111
,CRF094-1,206,230,237
,CRF094-2,143,181,186
,CRF094-3,91,119,123
,CRF095-1,211,227,233
,CRF095-2,156,177,180
,CRF095-3,98,117,124
,CRF096-1,193,211,212
,CRF096-2,147,187,190
,CRF096-3,46,122,143
,CRF097-1,193,219,219
,CRF097-2,108,169,170
,CRF097-3,52,133,144
,CRF098-1,133,196,210
,CRF098-2,3,116,140
,CRF098-3,52,131,165
,CRF099-1,186,218,235
,CRF099-2,96,153,169
,CRF099-3,39,131,165
,CRF0100-1,191,218,226
,CRF087-1,195,203,180
,CRF087-2,169,179,160
,CRF087-3,76,91,75
,CRF088-1,176,192,156
,CRF088-2,137,174,130
,CRF088-3,70,93,54
,CRF089-1,185,214,179
,CRF089-2,130,178,134
,CRF089-3,78,137,82
,CRF090-1,181,199,181
,CRF090-2,169,191,164
,CRF090-3,94,115,103
,CRF091-1,197,222,209
,CRF091-2,136,188,164
,CRF091-3,76,155,138
,CRF092-1,153,187,181
,CRF092-2,154,180,166
,CRF092-3,50,81,75
,CRF093-1,218,225,224
,CRF093-2,175,180,175
,CRF080-2,179,168,145
,CRF080-3,136,120,92
,CRF081-1,236,234,219
,CRF081-2,205,195,150
,CRF081-3,155,134,82
,CRF082-1,220,225,154
,CRF082-2,218,208,93
,CRF082-3,205,202,67
,CRF083-1,189,203,129
,CRF083-2,183,172,109
,CRF083-3,163,192,109
,CRF084-1,197,204,154
,CRF084-2,155,168,131
,CRF084-3,72,82,52
,CRF085-1,224,229,205
,CRF085-2,155,152,114
,CRF085-3,130,134,113
,CRF086-1,194,194,167
,CRF086-2,142,149,125
,CRF086-3,109,109,96
,CRF073-3,245,191,55
,CRF074-1,255,244,192
,CRF074-2,250,217,137
,CRF074-3,245,203,92
,CRF075-1,255,252,218
,CRF075-2,255,232,159
,CRF075-3,253,209,81
,CRF076-1,246,233,178
,CRF076-2,238,220,145
,CRF076-3,247,217,114
,CRF077-1,250,245,216
,CRF077-2,231,211,162
,CRF077-3,210,175,115
,CRF078-1,251,248,222
,CRF078-2,201,184,144
,CRF078-3,168,140,93
,CRF079-1,248,244,222
,CRF079-2,216,211,193
,CRF079-3,70,154,115
,CRF080-1,228,228,212
,CRF067-1,250,245,224
,CRF067-2,223,191,139
,CRF067-3,198,165,109
,CRF068-1,255,253,229
,CRF068-2,249,216,157
,CRF068-3,249,203,122
,CRF069-1,253,242,203
,CRF069-2,249,214,150
,CRF069-3,249,191,55
,CRF070-1,251,234,192
,CRF070-2,227,195,139
,CRF070-3,183,136,73
,CRF071-1,253,242,205
,CRF071-2,235,181,107
,CRF071-3,210,162,95
,CRF072-1,246,224,184
,CRF072-2,250,199,104
,CRF072-3,238,186,62
,CRF073-1,252,232,181
,CRF073-2,246,205,124
,CRF060-2,218,150,98
,CRF060-3,167,107,61
,CRF061-1,245,209,167
,CRF061-2,233,186,128
,CRF061-3,222,140,75
,CRF062-1,249,201,150
,CRF062-2,249,193,109
,CRF062-3,233,147,47
,CRF063-1,254,244,215
,CRF063-2,243,177,99
,CRF063-3,219,145,60
,CRF064-1,250,225,179
,CRF064-2,250,220,168
,CRF064-3,248,182,88
,CRF065-1,247,234,202
,CRF065-2,238,207,160
,CRF065-3,204,144,87
,CRF066-1,252,243,213
,CRF066-2,243,227,193
,CRF066-3,228,189,131
,CRF053-3,192,154,124
,CRF054-1,208,183,153
,CRF054-2,190,151,113
,CRF054-3,130,93,69
,CRF055-1,243,231,208
,CRF055-2,186,155,122
,CRF055-3,101,84,71
,CRF056-1,250,243,218
,CRF056-2,188,161,119
,CRF056-3,143,117,90
,CRF057-1,250,244,222
,CRF057-2,221,202,176
,CRF057-3,160,121,88
,CRF058-1,237,227,202
,CRF058-2,238,216,177
,CRF058-3,157,113,71
,CRF059-1,251,243,222
,CRF059-2,240,198,147
,CRF059-3,203,145,96
,CRF060-1,252,227,194
,CRF047-1,220,168,130
,CRF047-2,181,103,67
,CRF047-3,138,74,49
,CRF048-1,227,165,124
,CRF048-2,227,132,84
,CRF048-3,222,117,58
,CRF049-1,252,203,144
,CRF049-2,247,164,90
,CRF049-3,240,134,66
,CRF050-1,236,200,163
,CRF050-2,173,123,74
,CRF050-3,192,120,74
,CRF051-1,239,215,188
,CRF051-2,227,184,142
,CRF051-3,166,115,84
,CRF052-1,238,201,158
,CRF052-2,176,135,98
,CRF052-3,137,104,86
,CRF053-1,251,243,219
,CRF053-2,223,191,159
,CRF040-2,219,207,188
,CRF040-3,189,170,150
,CRF041-1,224,220,207
,CRF041-2,181,173,161
,CRF041-3,102,88,76
,CRF042-1,236,237,229
,CRF042-2,207,200,187
,CRF042-3,155,146,131
,CRF043-1,217,209,199
,CRF043-2,194,182,164
,CRF043-3,148,134,122
,CRF044-1,238,230,211
,CRF044-2,204,187,164
,CRF044-3,171,141,121
,CRF045-1,251,235,212
,CRF045-2,207,154,122
,CRF045-3,137,98,83
,CRF046-1,227,175,134
,CRF046-2,220,162,129
,CRF046-3,202,133,99
,CRF033-3,155,67,54
,CRF034-1,250,210,177
,CRF034-2,221,135,102
,CRF034-3,192,78,55
,CRF035-1,207,134,109
,CRF035-2,174,106,85
,CRF035-3,124,55,45
,CRF036-1,232,200,176
,CRF036-2,173,128,112
,CRF036-3,154,103,85
,CRF037-1,219,191,167
,CRF037-2,187,141,118
,CRF037-3,116,86,77
,CRF038-1,234,214,193
,CRF038-2,173,124,96
,CRF038-3,109,79,64
,CRF039-1,192,166,147
,CRF039-2,188,157,138
,CRF039-3,146,115,97
,CRF040-1,242,234,220
,CRF027-1,244,235,221
,CRF027-2,189,132,119
,CRF027-3,125,84,77
,CRF028-1,249,224,203
,CRF028-2,236,132,120
,CRF028-3,155,77,71
,CRF029-1,237,185,165
,CRF029-2,210,131,120
,CRF029-3,153,63,44
,CRF030-1,236,209,191
,CRF030-2,219,155,128
,CRF030-3,154,67,53
,CRF031-1,229,198,176
,CRF031-2,183,121,98
,CRF031-3,140,70,61
,CRF032-1,237,157,129
,CRF032-2,190,104,87
,CRF032-3,176,68,49
,CRF033-1,215,152,128
,CRF033-2,154,89,81
,CRF020-2,172,167,166
,CRF020-3,125,119,115
,CRF021-1,180,166,167
,CRF021-2,111,98,101
,CRF021-3,92,71,67
,CRF022-1,214,196,188
,CRF022-2,142,106,110
,CRF022-3,85,55,54
,CRF023-1,197,143,142
,CRF023-2,166,110,111
,CRF023-3,127,76,75
,CRF024-1,240,221,212
,CRF024-2,209,162,152
,CRF024-3,143,90,88
,CRF025-1,239,209,197
,CRF025-2,184,118,110
,CRF025-3,172,94,94
,CRF026-1,238,221,207
,CRF026-2,183,145,129
,CRF026-3,118,75,64
,CRF012-2,229,220,208
,CRF013-1,214,221,218
,CRF013-2,242,241,231
,CRF014-1,216,225,225
,CRF014-2,211,219,224
,CRF015-1,223,221,219
,CRF015-2,214,217,220
,CRF016-1,237,242,247
,CRF016-2,219,219,215
,CRF016-3,194,194,193
,CRF017-1,247,244,236
,CRF017-2,201,190,184
,CRF017-3,162,149,132
,CRF018-1,223,215,212
,CRF018-2,216,203,210
,CRF018-3,194,174,177
,CRF019-1,213,191,183
,CRF019-2,175,153,144
,CRF019-3,157,127,122
,CRF020-1,202,195,191
,CRF001,241,244,242
,CRF002,251,255,252
,CRF003,251,254,244
,CRF004-1,252,254,250
,CRF004-2,242,245,244
,CRF005-1,244,246,240
,CRF005-2,227,226,221
,CRF006-1,246,248,241
,CRF006-2,238,240,234
,CRF007-1,234,222,232
,CRF007-2,236,238,226
,CRF008-1,253,255,245
,CRF008-2,233,231,210
,CRF009-1,252,253,241
,CRF009-2,237,230,215
,CRF010-1,251,251,235
,CRF010-2,237,226,206
,CRF011-1,253,252,236
,CRF011-2,247,245,233
,CRF012-1,234,224,189
,Noce Antico,103,50,19
,Pino,242,185,108
,Rovere,216,148,81
,Noce Medio,157,82,47
,Larice,236,206,186
,Oro ricco,214,171,102
,Ruggine,140,94,70
,Oro,214,171,103
,Verde,124,123,77
,Bianco,235,237,236
,Perla,230,209,193
,Rosa Antico,164,146,146
,Grigio,115,115,123
,Sabbia,181,166,137
,Terra,142,125,105
,Cemento Chiaro,159,155,139
,Pietra Scura,96,101,98
,Sale e Pepe,224,224,216
,Blu Genziana,12,31,56
,Blu Cannes,7,69,143
,Verde Reseda,79,131,92
,Giallo Cromo,248,164,41
,Marrone Mogano,64,33,23
,Rosso Telai,140,18,27
,Rosso Carminio,148,5,31
,Arancio Puro,224,84,29
,Grigio Profondo,77,76,73
,Verde Inglese,7,82,68
,Castagno,185,108,25
,Teak 2011,152,89,27
,Noce Scuro,121,72,32
,Ciliegio,145,80,50
,Douglas,123,71,39
,Noce Chiaro,157,114,73
,Wengè,34,3,1
,Mogano 2011,123,48,11
,Palissandro 2011,65,6,2
,Castagno Chiaro,117,75,24
,Verde Primavera,113,128,24
,Bianco Latte,254,254,246
,Verde Smeraldo,22,151,118
,Rosso Vivo,248,17,29
,Neve,120,119,117
,Bruno Penice,103,2,5
,Grigio Ferro,85,93,106
,Rosso Bordeaux,131,35,19
,Verde Vittoria,82,182,95
,Giallo Segnale,228,189,42
,Verde Abete,31,59,32
,Avorio Ming,227,219,185
,Blu Scuro,11,72,126
,Nero Profondo,10,10,10
,Bianco Opaco,247,248,243
,Bianco Titanio,228,227,223
,Grigio Luce,215,215,215
,Grigio Argento,227,220,212
,Grigio Garfite,72,75,82
,Nero Opaco,33,34,38
,Oro Cromato,255,215,0
,Argento Cromato,192,192,192
,Rame,184,101,27
,Sabbia,193,166,123
,Ferro,50,49,45
,Pietra Sbiancata,216,208,197
,Marrone,134,92,52
,Granito,179,168,166
,Cemento,107,121,130
,Verde,126,173,58
,Grigio,119,141,152
,Nocciola,147,112,46
,Alluminio,208,208,210
,Bison,158,145,129
,Marrone Moka,74,52,37
,Verde Cupo,46,83,41
,Grigio Ostrica,116,116,114
,Grigio Riso,95,89,91
,Biancospino,207,199,187
,Testa Di Moro,38,25,18
,Cioccolato,105,71,64
,Rosso Veneziano,148,60,65
,Turchese,28,155,189
,Rosso Ciliegia,179,56,58
,Grigio,127,127,128
,Rosso Ossido,152,25,28
,Arancione,239,125,68
,Grigio,233,234,232
,Salvia,183,175,128
,Blu Polvere,201,210,226
,Petrolio,121,161,174
,Cacao,167,148,132
,Grigio Inverno,215,212,208
,Panna,248,237,218
,Bianco Antico,247,241,231
,Oro,178,139,60
,Antracite,71,81,84
,Grigio Ghisa,114,119,125
,Nero Grafite,82,75,79
,Bronzo,105,84,78
,Bianco,255,255,255
,Giallo,255,230,25
,Ocra,253,201,35
,Mattone,224,102,78
,Grigio,179,178,178
,Verde,103,127,92
,Rosso,147,53,41
,Bianco Panna,240,226,189
,Tortora,193,175,159
,Yuta,151,135,120
,Verde Scuro,28,85,56
,Arancio Ace,241,140,103
,Grigio Fumo,106,109,112
,Giallo Estate,246,186,74
,Marrone,53,22,22
,Nero,24,27,28
,Ghiaccio,227,228,224
,Pietra,153,156,160
,Verde Cina,135,170,126
,Denim,127,154,171
RAL 1013,Giallo Traffico,244,196,57
RAL 5010,Blu Genziana,14,71,134
RAL 5015,Blu Cielo,21,123,188
RAL 6002,Verde Foglia,53,101,51
RAL 6010,Verde Reseda,100,122,90
RAL 6029,Verde Menta,0,112,66
RAL 1003,Giallo Segnale,238,178,53
RAL 1007,Giallo Narciso,230,149,49
RAL 3020,Rosso Traffico,193,43,35
RAL 3000,Rosso Fuoco,166,41,31
RAL 3003,Rosso Rubino,143,40,46
RAL 2002,Arancio Sanguinoso,195,63,36
RAL 2004,Arancio Puro,219,99,43
RAL 8011,Marrone Noce,78,46,21
RAL 8003,Marrone Fango,117,71,37
RAL 4005,Lilla Bluastro,141,118,173
RAL 4010,Magenta Tele,175,39,104
RAL 9025,Nero,0,24,26
RAL 3005,Bordeaux,127,35,25
,Trasparente,255,255,255
RAL 7035,Grigio Luce,174,175,172
RAL 7038,Grigio,152,168,161
RAL 7040,Grigio Medio,139,142,149
RAL 7016,Grigio Antracite,56,59,64
RAL 6009,Verde Abete,36,52,39
RAL 6005,Verde Muschio,10,65,49
RAL 6021,Verde,124,148,107
RAL 3011,Bordeaux,122,27,32
RAL 8017,Marrone Cioccolata,68,46,40
RAL 5014,Blu,99,125,150
RAL 1019,Beige,154,137,107
RAL 1015,Avorio Chiaro,241,228,195
RAL 1001,Beige,220,195,158
RAL 9006,Alluminio Brillante,166,161,160
RAL 7032,Grigio Ghisa,191,189,182
RAL 9002,Bianco Grigiastro,236,235,222
RAL 7001,Grigio Argento,134,144,152
RAL 5202,Blu Oltremare,38,51,125
RAL 5013,Blu Cobalto,19,41,84
Home Color - Armonia Zen 3,Salice,226,223,181
Home Color - Armonia Energico 1,Scarlet,156,56,51
Home Color - Armonia Energico 2,Soleado,253,197,36
Home Color - Armonia Energico 3,Seduzione,241,135,58
Home Color - Armonia Equilibrato 1,Salvia,191,203,187
Home Color - Armonia Equilibrato 2,Savana,169,154,141
Home Color - Armonia Equilibrato 3,Princess,244,218,215
Home Colopr - Armonia Raffinato 1,Silver,189,192,194
Home Colopr - Armonia Raffinato 2,Macaron,168,127,141
Home Colopr - Armonia Raffinato 3,Canapa,230,218,188
Home Color - Armonia Riflessivo 1,Grattacielo,86,109,120
Home Color - Armonia Riflessivo 2,Lake,132,175,194
Home Color - Armonia Riflessivo 3,Marina,218,239,252
Home Color - Armonia Romantico 1,Champagne,241,235,214
Home Color - Armonia Romantico 2,Romantic,221,192,179
Home Color - Armonia Romantico 3,Brughiera,141,133,125
RAL 9010,Bianco,255,255,255
RAL 8016,Marrone,77,49,38
RAL 9005,Nero,46,45,44
Home Color - Armonia Elegante 1,Luna,211,204,193
Home Color - Armonia Elegante 2,Senape,230,195,104
Home Color - Armonia Elegante 3,Smoke,109,107,111
Home Color - Armonia Glamour 1,Caffè,73,67,62
Home Color - Armonia Glamour 2,Corallo,211,119,111
Home Color - Armonia Glamour 3,Dune,193,177,149
Home Color - Armonia Solare 1,Melon,249,182,102
Home Color - Armonia Solare 2,Avocado,255,238,162
Home Color - Armonia Solare 3,Bamboo,182,210,115
Home Color - Armonia Rock 1,Nero,48,50,47
Home Color - Armonia Rock 2,Sangria,106,53,59
Home Color - Armonia Rock 3,Mineral,162,163,165
Home Color - Armonia Sognatore 1,Glicine,199,186,201
Home Color - Armonia Sognatore 2,Elba,133,195,193
Home Color - Armonia Sognatore 3,Nebbia,221,225,218
Home Color - Armonia Creativo 1,Notte,65,75,111
Home Color - Armonia Creativo 2,Pavone,70,148,139
Home Color - Armonia Creativo 3,Artico,251,252,244
Home Color - Armonia Zen 1,Marshmallow,246,238,228
Home Color - Armonia Zen 2,Fango,162,154,131
MAX19-1419,Tornado,116,116,115
MAX19-1420,Deposito,97,96,95
MAX19-1421,Arsenico,68,68,67
MAX19-1422,Bianco Puro,243,242,236
MAX19-1423,Grigio Cenere,200,199,194
MAX19-1424,Grigio Ghiaia,162,162,158
MAX19-1425,Pietra Spaccata,126,125,124
MAX19-1426,Canna Di Fucile,86,85,84
MAX19-1427,Fumo Di Londra,46,45,45
MAX19-1428,Nero Di China,35,34,34
MAX19-1399,Espresso,80,69,65
MAX19-1400,Torba,45,38,36
MAX19-1401,Colomba,197,196,197
MAX19-1402,Sentiero,163,154,155
MAX19-1403,Grigio Caldo,135,126,128
MAX19-1404,Tempesta,118,108,111
MAX19-1405,Grigio Violaceo,98,87,90
MAX19-1406,Mistero,79,70,73
MAX19-1407,Henné,55,47,50
MAX19-1408,Sospiro,217,212,208
MAX19-1409,Città,185,180,178
MAX19-1410,Asinello,148,144,142
MAX19-1411,Roccia Scura,127,122,122
MAX19-1412,Grotta,106,102,101
MAX19-1413,Lega,87,82,81
MAX19-1414,Lontra,69,64,63
MAX19-1415,Bianco Antico,236,234,227
MAX19-1416,Cristallo Di Ginevra,217,216,211
MAX19-1417,Grigio Cemento,187,186,181
MAX19-1418,Grigio Parigi,150,148,144
MAX19-1379,Beluga,61,64,66
MAX19-1380,Venerdì Mattina,213,214,194
MAX19-1381,Selciato,180,181,166
MAX19-1382,Muro Di Cinta,155,157,141
MAX19-1383,Stone,131,133,118
MAX19-1384,Lastricato,92,94,84
MAX19-1385,Presa,71,72,64
MAX19-1386,Profondo,52,52,47
MAX19-1387,Sabbia,187,183,172
MAX19-1388,Neutrale,180,183,178
MAX19-1389,Argento,161,166,162
MAX19-1390,Rovo,115,113,99
MAX19-1391,Fango,76,74,65
MAX19-1392,Ombra,55,53,46
MAX19-1393,Lavagna,45,43,37
MAX19-1394,Bianchetto,202,186,175
MAX19-1395,Stelo,188,175,167
MAX19-1396,Taupe,141,128,122
MAX19-1397,Orsetto,119,108,103
MAX19-1398,Avignone,101,90,86
MAX19-1359,Penna,212,226,222
MAX19-1360,Risonanza,170,182,176
MAX19-1361,Grisatoio,146,156,151
MAX19-1362,Persiano,123,133,129
MAX19-1363,Gotico,85,94,91
MAX19-1364,Cavo,65,73,70
MAX19-1365,Petrolio,44,50,48
MAX19-1366,Cielo D'Inverno,224,229,223
MAX19-1367,Sospensione,192,197,191
MAX19-1368,Pietra Di Fiume,166,170,165
MAX19-1369,Topo,120,124,121
MAX19-1370,Urbano,100,105,102
MAX19-1371,City Life,81,85,83
MAX19-1372,Limatura Di Ferro,63,66,64
MAX19-1373,Polvere,208,214,214
MAX19-1374,Silver Plate,192,198,197
MAX19-1375,Bigio,164,170,170
MAX19-1376,Giudice,120,124,125
MAX19-1377,Plutonio,99,103,105
MAX19-1378,Mercurio,80,83,85
MAX19-1339,Osmio,154,178,178
MAX19-1340,Molibdeno,133,154,151
MAX19-1341,Ricordo Primitivo,112,131,129
MAX19-1342,Garbato,92,110,109
MAX19-1343,Cittadino,72,90,89
MAX19-1344,Odino,55,70,69
MAX19-1345,Mattina D'Inverno,214,221,221
MAX19-1346,Cielo Inglese,157,179,176
MAX19-1347,Ricordo Industriale,135,154,149
MAX19-1348,Loft,109,131,125
MAX19-1349,Avenue Montaigne,90,111,106
MAX19-1350,Liverpool,69,87,83
MAX19-1351,Polvere Di Ferro,53,69,66
MAX19-1352,Daiquiri,198,199,190
MAX19-1353,Renella,175,182,170
MAX19-1354,Passero,151,158,147
MAX19-1355,Inverno,128,134,125
MAX19-1356,Pontile,107,113,104
MAX19-1357,Bottale,69,74,68
MAX19-1358,Pantano,48,52,47
MAX19-1319,Grigio Invernale,144,156,156
MAX19-1320,Zinco,121,133,133
MAX19-1321,Pietra Oliata,83,91,93
MAX19-1322,Macchia D'Olio,65,72,74
MAX19-1323,Nero Di Seppia,43,50,51
MAX19-1324,Grigio Lunare,210,215,210
MAX19-1325,Airone Cenerino,157,175,177
MAX19-1326,Cava Di Pietra,129,149,153
MAX19-1327,Lapilli Vulcanici,109,127,132
MAX19-1328,Fiordo D'Arabia,90,106,111
MAX19-1329,Piuma Di Condor,73,88,94
MAX19-1330,Grafite Chiaro,55,69,74
MAX19-1331,Pellicano,209,214,207
MAX19-1332,Palladio,187,198,191
MAX19-1333,Finanziere,128,153,154
MAX19-1334,Classic Chic,109,130,131
MAX19-1335,Tungsteno,91,109,110
MAX19-1336,Piombo,74,90,91
MAX19-1337,Notte D'Estate,55,69,70
MAX19-1338,Nord Sky,201,212,213
MAX19-1299,British Style,118,125,136
MAX19-1300,Gentleman,98,104,115
MAX19-1301,Penombra,80,87,99
MAX19-1302,Vecchio Frack,59,63,75
MAX19-1303,Moon Walking,202,212,214
MAX19-1304,Traliccio Elettrico,161,178,186
MAX19-1305,Carling Stone,133,148,158
MAX19-1306,Torre Di Guardia,112,126,136
MAX19-1307,Tetto Alpino,92,105,115
MAX19-1308,Spazzacamino,73,84,93
MAX19-1309,Bakelite,55,65,74
MAX19-1310,Grigio Perla,203,210,214
MAX19-1311,Grigio Cancestruzzo,149,156,161
MAX19-1312,Grigio Stagno,125,132,137
MAX19-1313,Cadmio,85,90,96
MAX19-1314,Cielo Plumbeo,68,72,78
MAX19-1315,Notte Buia,46,49,54
MAX19-1316,Nero Carbone,35,37,41
MAX19-1317,Nebbia,194,201,197
MAX19-1318,Peralto Di Sicilia,170,184,183
MAX19-1279,Forza Esterna,115,98,106
MAX19-1280,Pot Pourri di Fiori,92,76,84
MAX19-1281,Cosmo,73,60,67
MAX19-1282,Origami,223,222,218
MAX19-1283,Grigio Di Parma,177,171,182
MAX19-1284,Marchesa Di Maintenon,150,144,156
MAX19-1285,Suggestioni Oniriche,128,125,134
MAX19-1286,Disegno Astrale,104,99,110
MAX19-1287,Via Lattea,87,80,92
MAX19-1288,Bacca Di Mirto,66,61,71
MAX19-1289,Polvere Di Sogni,212,213,214
MAX19-1290,Antica Locanda,155,153,159
MAX19-1291,Superficie Lunare,129,128,133
MAX19-1292,Graniglia,111,109,115
MAX19-1293,Preludio,92,90,96
MAX19-1294,Scorzone,71,69,74
MAX19-1295,Riso Venere,47,44,49
MAX19-1296,Anteprima,206,213,219
MAX19-1297,Computer Case,166,175,188
MAX19-1298,Immortale,145,152,162
MAX19-1259,Nucleo,76,69,61
MAX19-1260,Humus,61,53,46
MAX19-1261,Suadente,215,211,202
MAX19-1262,Impermiabile Inglese,190,176,161
MAX19-1263,Pista Motocross,164,148,134
MAX19-1264,Tralcio Di Vite,122,109,99
MAX19-1265,Zolla Di Terra,103,89,81
MAX19-1266,Portale D'Ingresso,81,71,65
MAX19-1267,Testa Di Moro,61,52,45
MAX19-1268,Gigliola,222,206,205
MAX19-1269,Antico Ricordo,189,167,167
MAX19-1270,Persistenza,162,142,142
MAX19-1271,Inestinguibile Abbraccio,138,118,120
MAX19-1272,Profumo D'Autunno,116,98,100
MAX19-1273,Kensington,95,77,80
MAX19-1274,Orma Di Barrique,75,54,56
MAX19-1275,Orchidea,213,208,209
MAX19-1276,Dolce Coccola,182,166,172
MAX19-1277,Nebbia Di Mare,157,140,147
MAX19-1278,New York Sofà,136,120,128
MAX19-1239,Costruzione,104,109,114
MAX19-1240,Aliseo,234,229,215
MAX19-1241,Emozione Delicata,219,215,194
MAX19-1242,Sottoscala,203,197,162
MAX19-1243,Sabbia gialla,188,186,163
MAX19-1244,Argilla Sabbiosa,163,160,142
MAX19-1245,Arenile,135,133,116
MAX19-1246,Polvere Di Bronzo,97,94,83
MAX19-1247,Avorio,238,233,216
MAX19-1248,Grigio Leggero,214,211,199
MAX19-1249,Bagno Di Sabbia,201,198,185
MAX19-1250,Duna Nel Deserto,174,171,159
MAX19-1251,Pensiero Urbano,150,147,137
MAX19-1252,Fosco,88,85,80
MAX19-1253,Antracite,68,66,61
MAX19-1254,Allusione Lusinghiera,204,197,186
MAX19-1255,Campo,165,153,134
MAX19-1256,Elegante,142,130,114
MAX19-1257,Enduro Race,124,112,98
MAX19-1258,Bruno Delicato,101,90,78
MAX19-1219,Carta Da Lettere,218,207,203
MAX19-1220,Old Pink,202,171,173
MAX19-1221,Pretese E Piaceri,161,123,127
MAX19-1222,Profumo Di Vino,137,101,106
MAX19-1223,Passione Taciuta,115,78,82
MAX19-1224,Rosa Dei Venti,90,59,64
MAX19-1225,Profonda Seduzione,61,37,39
MAX19-1226,Danzatrice,222,210,213
MAX19-1227,Pensiero Rosato,186,126,136
MAX19-1228,Idealista,159,104,112
MAX19-1229,Vabordo,131,80,88
MAX19-1230,Rosso Brunito,105,61,67
MAX19-1231,Bordò,81,34,40
MAX19-1232,Profusione,70,35,39
MAX19-1233,Accenno Di Cielo,221,226,227
MAX19-1234,Acqua Di Fiume,218,226,229
MAX19-1235,Silenzioso,205,210,210
MAX19-1236,Beton,175,182,185
MAX19-1237,Polvere Di Scarpellino,178,183,182
MAX19-1238,Platinato,139,145,145
MAX19-1199,Romantico Ricordo,209,170,161
MAX19-1200,Fava Di Cacao,166,120,114
MAX19-1201,Marrone Indiano,142,100,95
MAX19-1202,Massello Coloniale,118,79,75
MAX19-1203,Shire,95,61,58
MAX19-1204,Pralinato,66,40,37
MAX19-1205,Armonia,217,203,198
MAX19-1206,Prima Ballerina,207,170,167
MAX19-1207,Alchimista,161,121,121
MAX19-1208,Norinberga,138,97,97
MAX19-1209,Crema Di Nocciole,115,78,79
MAX19-1210,Purosangue Inglese,92,58,58
MAX19-1211,Cioccolata,64,38,37
MAX19-1212,Suggestione Di Settembre,204,181,177
MAX19-1213,Rosa Politico,192,125,124
MAX19-1214,Deserto Rosso,162,103,105
MAX19-1215,Tres Chic,133,78,80
MAX19-1216,Rosso Alpi,103,56,58
MAX19-1217,Rosso Regale,94,42,44
MAX19-1218,Vanitoso,77,39,41
MAX19-1179,Nocciola,168,122,110
MAX19-1180,Piroga,145,100,90
MAX19-1181,Corteccia,121,81,73
MAX19-1182,Castagnaccio,97,61,55
MAX19-1183,Affogato Al Caffè,73,42,37
MAX19-1184,Torroncino,220,205,196
MAX19-1185,Nocetta,189,162,154
MAX19-1186,Wild Turkey,163,140,134
MAX19-1187,Sotterfugio,142,119,114
MAX19-1188,Aronia,118,95,91
MAX19-1189,Marrone Chiaro,101,79,76
MAX19-1190,Moresco,78,59,56
MAX19-1191,Galletta Al Burro,208,180,168
MAX19-1192,Apricot,193,125,118
MAX19-1193,Pan Di Ramerino,166,102,96
MAX19-1194,Chicago Night,138,83,78
MAX19-1195,Castagneto,110,62,58
MAX19-1196,Mogano Scuro,95,43,40
MAX19-1197,Bruciato,83,42,39
MAX19-1198,Carlino,218,204,196
MAX19-1159,Marron Clair,145,119,108
MAX19-1160,Albero Di Maestra,122,96,87
MAX19-1161,Sogno D'Oriente,100,79,71
MAX19-1162,Chicco Di Caffè,77,58,51
MAX19-1163,Panico Di Pistoia,208,192,176
MAX19-1164,Papiro Storico,210,180,164
MAX19-1165,Topino,189,162,151
MAX19-1166,Balsamo Di Gilead,147,86,70
MAX19-1167,Para,138,71,54
MAX19-1168,Vulcano,115,49,35
MAX19-1169,Sandalo,111,52,39
MAX19-1170,Noce Moscata,202,190,184
MAX19-1171,Petra,195,145,137
MAX19-1172,Lounge Bar,166,102,91
MAX19-1173,Cassa Coloniale,142,84,74
MAX19-1174,Cuoio,113,63,56
MAX19-1175,Basco Francese,101,46,40
MAX19-1176,Marrone Aristocratico,89,46,40
MAX19-1177,Tokyo,242,225,215
MAX19-1178,Sottobosco,211,171,158
MAX19-1139,Trinchetto,104,69,52
MAX19-1140,Controfiocco,99,55,38
MAX19-1141,Brunneis,80,49,37
MAX19-1142,Mappa Del Tesoro,211,182,163
MAX19-1143,Velaccino,170,141,124
MAX19-1144,Bompresso,150,104,84
MAX19-1145,Fuso Maggiore,125,85,69
MAX19-1146,Contromezzana,102,65,52
MAX19-1147,Pioppino,92,49,35
MAX19-1148,Scabellum,79,48,38
MAX19-1149,Rosa Del Deserto,205,192,182
MAX19-1150,Cappuccino,168,141,128
MAX19-1151,Porcino,147,102,88
MAX19-1152,Parrocchetto,127,85,73
MAX19-1153,Ombra Bruna,101,64,54
MAX19-1154,Portone,90,48,38
MAX19-1155,Crema Arabica,75,45,37
MAX19-1156,Lieve Pallore,200,195,191
MAX19-1157,Antica Pergamena,175,156,137
MAX19-1158,Ordinata Di Mare,150,124,107
MAX19-1119,Muflone,99,64,37
MAX19-1120,Orso Bruno,80,56,37
MAX19-1121,Panama,210,195,174
MAX19-1122,Vimini,173,147,121
MAX19-1123,Cortesia,153,114,83
MAX19-1124,Terra Licosa,124,89,63
MAX19-1125,Pendio Roccioso,101,72,52
MAX19-1126,Sigaraia,100,62,38
MAX19-1127,Sottosuolo,79,53,37
MAX19-1128,Bucaniere,222,207,187
MAX19-1129,Havana,172,143,120
MAX19-1130,Noce,150,109,82
MAX19-1131,Crema Di Caffe,127,89,67
MAX19-1132,Nodo Di Savoia,104,69,50
MAX19-1133,Mercato Delle Pulci,99,57,36
MAX19-1134,Oriolo,82,52,37
MAX19-1135,Pan Di Zucchero,206,192,178
MAX19-1136,Legno D'India,172,144,125
MAX19-1137,Canoa Cheia,151,106,83
MAX19-1138,Antica Babilonia,127,88,69
MAX19-1099,Muschio,71,55,35
MAX19-1100,Bisque Della Casa,224,219,205
MAX19-1101,Beccafico,193,183,161
MAX19-1102,Colombaccio,168,151,129
MAX19-1103,Argilla Ventilata,148,126,105
MAX19-1104,Pendio Scosceso,126,109,89
MAX19-1105,Argine,103,87,69
MAX19-1106,Barile Di Whiskey,83,69,54
MAX19-1107,Filo di Lino,219,213,202
MAX19-1108,Bue Muschiato,169,150,121
MAX19-1109,Sahariano,146,117,80
MAX19-1110,Fagotto,122,96,65
MAX19-1111,Porta Portese,100,77,52
MAX19-1112,Palla Ovale,94,65,36
MAX19-1113,Grizzly,76,55,37
MAX19-1114,Pietra Leccese,230,228,211
MAX19-1115,Crema Di Funghi,168,147,120
MAX19-1116,Avena,152,117,81
MAX19-1117,Damma,127,95,64
MAX19-1118,Gassa,101,73,48
MAX19-1079,Lana Grezza,204,198,177
MAX19-1080,Battiscopa,162,152,123
MAX19-1081,Giungla del Bengala,139,123,85
MAX19-1082,Creta,115,100,68
MAX19-1083,Alligatore,94,79,53
MAX19-1084,Brunette,88,70,37
MAX19-1085,Zircone Bruno,68,56,36
MAX19-1086,Pattada,215,216,205
MAX19-1087,Pulviscolo,205,199,180
MAX19-1088,Arena Romana,157,152,125
MAX19-1089,Anaconda,139,128,102
MAX19-1090,dugondo,118,109,88
MAX19-1091,Baobab,96,89,73
MAX19-1092,Caimano,77,69,54
MAX19-1093,Zebu,207,213,199
MAX19-1094,Brecciolino,168,152,121
MAX19-1095,Carapace di Tartaruga,143,119,80
MAX19-1096,Indolente,120,98,65
MAX19-1097,Limo,98,78,50
MAX19-1098,Motoso,89,66,35
MAX19-1059,Sprizzo di gioia,230,222,112
MAX19-1060,Verdolino,203,195,95
MAX19-1061,Licheno Verde,173,162,77
MAX19-1062,Cultura Rupestre,145,134,67
MAX19-1063,Risara,118,109,52
MAX19-1064,Michigan,93,83,36
MAX19-1065,Gentilezza,217,212,174
MAX19-1066,Miraggio Nel Deserto,235,230,137
MAX19-1067,Ovalino Smaltato,208,201,122
MAX19-1068,I ruggenti 60,176,169,103
MAX19-1069,Matè Andino,149,142,83
MAX19-1070,Impassibile Emozione,127,119,69
MAX19-1071,Pennellata Persiana,103,95,54
MAX19-1072,Fresco sospiro,211,210,166
MAX19-1073,Acrilico,212,207,150
MAX19-1074,Salvia,151,146,103
MAX19-1075,Spezie Essiccate,132,126,88
MAX19-1076,Emozione Contadina,107,103,71
MAX19-1077,Foresta Umbra,88,82,56
MAX19-1078,Verdone,61,57,36
MAX19-1039,Verde Flash,224,208,60
MAX19-1040,Verde Acido,218,200,29
MAX19-1041,Feschezza Irriverente,209,190,9
MAX19-1042,Salice autunnale,194,172,10
MAX19-1043,Foglia di castagno,157,139,17
MAX19-1044,Gelato di Nocciola,220,209,170
MAX19-1045,Gomena,186,180,147
MAX19-1046,Corda,157,147,101
MAX19-1047,BadWater,155,140,79
MAX19-1048,Everglades,155,135,61
MAX19-1049,Verde Equatore,147,125,46
MAX19-1050,Palude,141,118,29
MAX19-1051,Cuore Di Pastinaca,219,218,112
MAX19-1052,Marsa Alam,196,181,48
MAX19-1053,Verde Giappone,175,160,60
MAX19-1054,Foresta Incantata,141,126,46
MAX19-1055,Tundra,134,122,29
MAX19-1056,Olio Evo,114,103,35
MAX19-1057,Verde oliva,103,90,31
MAX19-1058,Vialone Nano,237,228,176
MAX19-1019,US Army,135,127,49
MAX19-1020,Verde olio,127,118,30
MAX19-1021,Classico Camuflage,108,101,37
MAX19-1022,Felce,100,91,32
MAX19-1023,Nobiltà Inglese,217,215,195
MAX19-1024,Accento Acuto,219,218,112
MAX19-1025,Veleno,193,194,98
MAX19-1026,Passato di Verdure,167,161,83
MAX19-1027,Mimetica,142,135,67
MAX19-1028,Daunia,115,110,54
MAX19-1029,Caprifoglio,90,85,39
MAX19-1030,Basmati,224,216,187
MAX19-1031,Gran Lago Salato,184,174,120
MAX19-1032,Dolcevita,182,168,96
MAX19-1033,Canneto,184,166,77
MAX19-1034,Lucciola,179,154,57
MAX19-1035,Acquadivetro,176,149,37
MAX19-1036,Verde giallastro,172,137,15
MAX19-1037,Carnaroli,236,232,201
MAX19-1038,Spensierata Primavera,228,216,86
MAX19-0999,Pietra serena,178,182,155
MAX19-1000,Granaio,158,155,127
MAX19-1001,Polvere Di Metallo,93,90,72
MAX19-1002,Tatto,228,227,179
MAX19-1003,Accenno di Verde,203,209,155
MAX19-1004,Saggio,148,151,108
MAX19-1005,Verde Nocciola,121,126,88
MAX19-1006,Urban Style,98,100,70
MAX19-1007,Parata Militare,80,82,56
MAX19-1008,Divisa,58,58,39
MAX19-1009,Panna,235,232,208
MAX19-1010,Filtro D'amore,212,210,86
MAX19-1011,Pozione Magica,211,207,62
MAX19-1012,Cedrata,199,193,34
MAX19-1013,Apple Froze,197,189,16
MAX19-1014,Cedro,176,167,9
MAX19-1015,Wasabi,149,138,19
MAX19-1016,Raggio di Luna,213,209,174
MAX19-1017,Verde Dorato,186,182,53
MAX19-1018,Bacca di Cipresso,161,154,62
MAX19-0979,Acacia,95,98,38
MAX19-0980,Pitosforo,111,110,53
MAX19-0981,Bianco Esangue,235,234,211
MAX19-0982,Aculeo,203,211,115
MAX19-0983,Semi di Finocchio,185,193,104
MAX19-0984,Erba appassita,154,160,84
MAX19-0985,Saguaro,132,134,69
MAX19-0986,Bomber,105,107,53
MAX19-0987,Foglia d'olivo,82,83,41
MAX19-0988,Dentelle,215,215,195
MAX19-0989,Voglia Di Brasile,212,219,140
MAX19-0990,Verde Desaturo,206,212,150
MAX19-0991,Porro,163,170,108
MAX19-0992,The Verde,138,141,88
MAX19-0993,Iguana,111,113,67
MAX19-0994,Verde Militare,91,92,54
MAX19-0995,Fumo Verde,207,213,199
MAX19-0996,Anisetta,201,208,172
MAX19-0997,Riflesso di stelle,191,196,169
MAX19-0998,Immagine Lunare,174,180,156
MAX19-0959,Coccodrillo,73,81,32
MAX19-0960,Onda,234,236,212
MAX19-0961,Pesciolino,193,213,124
MAX19-0962,Verde Cinabro,151,175,65
MAX19-0963,Crisalide,143,159,86
MAX19-0964,Foglia di Palma,120,132,73
MAX19-0965,Pianura Padana,95,106,54
MAX19-0966,Rifugio,75,84,41
MAX19-0967,Brina,205,221,135
MAX19-0968,mattina di Primavera,194,205,90
MAX19-0969,Verde bamboo,189,201,66
MAX19-0970,Verde Papiro,178,188,46
MAX19-0971,Corsa Campestre,152,159,21
MAX19-0972,Verde Montagna,137,142,46
MAX19-0973,Papanna,98,99,29
MAX19-0974,Barbara,211,210,177
MAX19-0975,Polvere Verde,174,179,59
MAX19-0976,Verde Boscaglia,150,154,66
MAX19-0977,Parchetto,124,125,51
MAX19-0978,Tema,112,113,31
MAX19-0939,Acetone,223,229,189
MAX19-0940,Flora,185,204,161
MAX19-0941,Soprabosco,132,149,113
MAX19-0942,Cactus,109,122,92
MAX19-0943,Aroma,90,103,77
MAX19-0944,Orgosolo,68,79,56
MAX19-0945,Verde Pino,49,59,40
MAX19-0946,Calasetta,209,213,180
MAX19-0947,Risveglio,184,205,97
MAX19-0948,Mantide Religiosa,170,195,74
MAX19-0949,Money,156,180,32
MAX19-0950,Serpente,154,182,43
MAX19-0951,Gnomo,132,131,28
MAX19-0952,San Patrizio,111,128,31
MAX19-0953,Verde Y Blanco,232,234,214
MAX19-0954,Verde Calma,173,189,108
MAX19-0955,Verde Scozia,134,150,67
MAX19-0956,Folletto,107,122,52
MAX19-0957,Collina Toscana,98,112,34
MAX19-0958,Rettile,87,96,40
MAX19-0919,Verde Pop,130,175,73
MAX19-0920,granny smith,117,147,74
MAX19-0921,La Sera dei Miracoli,90,118,57
MAX19-0922,Dollaro,80,109,41
MAX19-0923,Rapini,67,93,44
MAX19-0924,Pepe Verde,58,82,36
MAX19-0925,Essenza di timo,227,230,211
MAX19-0926,Tea tree,162,201,103
MAX19-0927,Verde Selvaggio,150,194,84
MAX19-0928,Verde Chiaro,130,183,60
MAX19-0929,Verde Luminoso,116,168,30
MAX19-0930,Verde Latifoglie,90,128,37
MAX19-0931,Friariello,78,122,26
MAX19-0932,Biancaneve,212,214,199
MAX19-0933,Flanella,188,217,151
MAX19-0934,Pigiama,165,194,136
MAX19-0935,Aloe,141,166,114
MAX19-0936,Verde Stagnante,117,140,94
MAX19-0937,lacerta,95,114,76
MAX19-0938,Primavera,75,91,57
MAX19-0899,Verde Reseda,95,149,80
MAX19-0900,Spinaci,74,122,65
MAX19-0901,Alloro,55,112,47
MAX19-0902,Foglia di Mirto,54,94,48
MAX19-0903,Agrifoglio,43,78,38
MAX19-0904,Valanga,226,232,215
MAX19-0905,Marius,157,212,139
MAX19-0906,Frullato di Kiwi,143,190,124
MAX19-0907,Distillato d'erbe,114,159,102
MAX19-0908,Erba Alpina,91,132,80
MAX19-0909,Profumo di Campagna,69,107,62
MAX19-0910,The sound,48,79,44
MAX19-0911,Fatina,206,209,180
MAX19-0912,Finocchio,170,207,126
MAX19-0913,Ondulato,158,193,118
MAX19-0914,Sospetto,127,159,93
MAX19-0915,Green Wheels,104,132,76
MAX19-0916,Cerfoglio,85,107,60
MAX19-0917,Agata,63,82,44
MAX19-0918,Guayabera,204,212,185
MAX19-0879,Green house,97,123,100
MAX19-0880,Ramarro,76,100,81
MAX19-0881,Posacenere,58,80,61
MAX19-0882,Verde Porto,39,57,42
MAX19-0883,Tiberio,208,215,203
MAX19-0884,Freezer,167,217,167
MAX19-0885,Australe,148,196,151
MAX19-0886,Dry,121,166,127
MAX19-0887,Eskimo,102,143,106
MAX19-0888,Muschiato,77,115,83
MAX19-0889,Fico,60,93,65
MAX19-0890,Panna Cotta,198,210,186
MAX19-0891,Memorabilia,137,199,112
MAX19-0892,Ugo,124,195,90
MAX19-0893,Calopsite,98,177,68
MAX19-0894,Aperitivo,88,170,52
MAX19-0895,Verde Pagliaccio,62,129,45
MAX19-0896,Martedì Grasso,51,121,33
MAX19-0897,Zefiro,177,224,176
MAX19-0898,Freschezza,103,172,79
MAX19-0859,Fibra,71,100,83
MAX19-0860,Egloga,54,79,64
MAX19-0861,Verde Cromo,33,56,44
MAX19-0862,Equilibrio,208,213,198
MAX19-0863,Honolulu,110,184,115
MAX19-0864,In Bilico,77,149,92
MAX19-0865,Verde Igapo,55,118,70
MAX19-0866,Foresta boreale,34,110,54
MAX19-0867,Ortica,39,92,52
MAX19-0868,Venere,27,78,42
MAX19-0869,Apollo,193,209,189
MAX19-0870,Ecologia,150,210,148
MAX19-0871,Esterno,130,192,135
MAX19-0872,Fiele,104,161,109
MAX19-0873,Quadrifoglio,81,131,88
MAX19-0874,Fogliame,59,105,67
MAX19-0875,Campo da Golf,40,78,48
MAX19-0876,Chitone,208,225,195
MAX19-0877,Fresh Air,172,206,171
MAX19-0878,Livrea,120,147,121
MAX19-0839,Conifera,72,116,89
MAX19-0840,Pianta Di Ficus,52,91,69
MAX19-0841,Traslucido,228,233,219
MAX19-0842,Latte e Menta,122,204,127
MAX19-0843,Verde Mela,95,189,103
MAX19-0844,Probabilità,110,184,115
MAX19-0845,Eracle,51,157,74
MAX19-0846,Giada,27,123,52
MAX19-0847,Fantasticheria,0,118,63
MAX19-0848,Vitreo,224,233,220
MAX19-0849,Provenza,136,211,162
MAX19-0850,Malachite,116,190,146
MAX19-0851,Pianura Irlandese,89,159,119
MAX19-0852,Alessandrite,69,131,95
MAX19-0853,Ossido di Cromo,46,106,74
MAX19-0854,Plineo,27,77,51
MAX19-0855,Albite,195,210,207
MAX19-0856,Capo Paradiso,165,203,175
MAX19-0857,Aloha,111,144,122
MAX19-0858,Sera autunnale,90,120,103
MAX19-0819,Verde Gotico,73,89,83
MAX19-0820,Giglio di Mare,223,234,223
MAX19-0821,Rex,156,223,189
MAX19-0822,Verde claro,139,201,171
MAX19-0823,Verde Umido,109,171,144
MAX19-0824,Garrison,82,141,117
MAX19-0825,Leviatano,64,115,96
MAX19-0826,Amazzonico,44,90,74
MAX19-0827,Geko,189,208,192
MAX19-0828,Boa,46,152,113
MAX19-0829,Costume da bagno,65,151,102
MAX19-0830,Braccio di Ferro,38,123,82
MAX19-0831,Pareo da Spiaggia,1,92,65
MAX19-0832,Verde Bandiera,17,90,55
MAX19-0833,Speranza,4,80,47
MAX19-0834,Carta di Riso,206,213,203
MAX19-0835,costa Smeralda,160,217,175
MAX19-0836,Caledonite,144,196,159
MAX19-0837,Ragionatore,115,166,132
MAX19-0838,Chile,91,138,110
MAX19-0799,Omero,193,212,198
MAX19-0800,Verderame,65,188,154
MAX19-0801,Flover,38,154,124
MAX19-0802,Pianta Grassa,56,132,105
MAX19-0803,Elefantino Verde,13,123,99
MAX19-0804,Verde Gioia,0,93,72
MAX19-0805,Smeraldo,0,75,58
MAX19-0806,Icaro,177,211,196
MAX19-0807,Mercoledì,164,206,184
MAX19-0808,Raganella,109,149,132
MAX19-0809,Spirulina,89,124,109
MAX19-0810,Verde Pirenei,71,102,89
MAX19-0811,Verde Fosco,50,79,68
MAX19-0812,Zeus,31,55,47
MAX19-0813,Verde Siero,213,232,212
MAX19-0814,Alluvione,182,210,187
MAX19-0815,Leviano,178,196,180
MAX19-0816,Esploratore,162,180,164
MAX19-0817,Tartaruga,137,157,147
MAX19-0818,Palombo,110,130,121
MAX19-0779,Lauretta,143,217,197
MAX19-0780,Pastello su tela,133,202,185
MAX19-0781,Guatemala,79,142,129
MAX19-0782,Verde antico,60,120,108
MAX19-0783,Robin Hood,39,91,82
MAX19-0784,Pineta,24,66,59
MAX19-0785,Ghiaccia,226,233,227
MAX19-0786,Light Blue,157,206,193
MAX19-0787,Dolce - Amaro,105,147,138
MAX19-0788,Villaggio,83,123,114
MAX19-0789,Antica Uniforme,67,102,96
MAX19-0790,Cipresso,50,81,75
MAX19-0791,Bosco Profondo,30,58,52
MAX19-0792,Soffice Nuvola,217,232,227
MAX19-0793,Ossidazione,102,197,168
MAX19-0794,Verde Curacao,78,162,130
MAX19-0795,Resilienza,74,162,138
MAX19-0796,Pimenta,49,133,113
MAX19-0797,Dragoncello,32,106,87
MAX19-0798,Serpentino,16,77,63
MAX19-0759,Verde Vintage,108,148,145
MAX19-0760,Verde Sentore,85,123,121
MAX19-0761,Agave,66,102,100
MAX19-0762,Imbrunire,51,80,79
MAX19-0763,Verde Profondo,31,58,57
MAX19-0764,Polo Sud,213,223,218
MAX19-0765,Verde Zinco,131,176,168
MAX19-0766,Street market,103,169,159
MAX19-0767,Venom,66,163,150
MAX19-0768,Birra Verde,21,150,135
MAX19-0769,Verde Irlanda,0,122,109
MAX19-0770,Cespuglio,0,104,90
MAX19-0771,Allume di Potassio,189,210,202
MAX19-0772,Miscela Esplosiva,126,175,163
MAX19-0773,Adriano,101,167,153
MAX19-0774,Valle Paradiso,67,159,141
MAX19-0775,Valle Dell'Eden,25,153,132
MAX19-0776,Bora Bora,11,120,102
MAX19-0777,Decotto di Maga,0,107,87
MAX19-0778,Dust,201,212,205
MAX19-0739,Coda di Spatola,65,158,157
MAX19-0740,Planisferio,21,151,149
MAX19-0741,Australia,0,122,121
MAX19-0742,Colibrì,0,114,112
MAX19-0743,Plancton,186,211,206
MAX19-0744,Viandante,127,171,167
MAX19-0745,Veder di Zinco,100,165,160
MAX19-0746,bouquet di spezie,70,159,153
MAX19-0747,Profumo di mare,21,149,138
MAX19-0748,Acqua di Sardegna,4,122,114
MAX19-0749,Viaggiatore,0,116,107
MAX19-0750,Sorella,207,230,223
MAX19-0751,Maldive,143,220,210
MAX19-0752,Un giorno al mare,123,196,189
MAX19-0753,Ipnotico,81,142,138
MAX19-0754,Salvia Scuro,57,115,112
MAX19-0755,Sapiente,41,93,90
MAX19-0756,Verde Persiana,21,64,63
MAX19-0757,Cristallo di Neve,200,213,209
MAX19-0758,Azzurro Soave,153,201,196
MAX19-0719,Tropici,25,149,154
MAX19-0720,Viaggio,6,119,126
MAX19-0721,Turchese,0,112,116
MAX19-0722,Cristallino,199,226,222
MAX19-0723,Rivo,135,210,209
MAX19-0724,Palazzo Azzurro,121,192,193
MAX19-0725,Altamarea,80,141,144
MAX19-0726,Post card,60,115,120
MAX19-0727,Verde Foresta,43,90,95
MAX19-0728,Foglia Di Bietola,23,69,73
MAX19-0729,Zircone,216,231,239
MAX19-0730,Lungarno,152,201,201
MAX19-0731,Rocciamelone,107,147,150
MAX19-0732,Alfredo,83,121,124
MAX19-0733,Contiminazioni,68,102,105
MAX19-0734,Foresta Di Scherwood,50,80,84
MAX19-0735,Ombre cinesi,31,56,60
MAX19-0736,Azzurro Cielo,185,211,210
MAX19-0737,Azzurro Desaturo,128,173,171
MAX19-0738,Vento del Nord,97,166,165
MAX19-0699,Olio esausto,43,84,105
MAX19-0700,Grio Blu,28,61,78
MAX19-0701,Celeste,199,225,224
MAX19-0702,Azzurro Pastello,131,203,215
MAX19-0703,Oratorio,117,188,201
MAX19-0704,Grigio azzurro,81,137,152
MAX19-0705,Fashion Green,56,110,125
MAX19-0706,Verde Petrolio,44,89,102
MAX19-0707,Fronte del Porto,25,65,78
MAX19-0708,Elio,212,231,230
MAX19-0709,Ruscello,150,199,205
MAX19-0710,Blu Pastinaca,106,144,154
MAX19-0711,Susy,86,122,132
MAX19-0712,Aviazione,66,98,109
MAX19-0713,Ottanio,48,75,84
MAX19-0714,Blu Aston,32,55,63
MAX19-0715,Azoto,199,217,216
MAX19-0716,Azzurro Cenere,127,176,177
MAX19-0717,Blu card,94,161,165
MAX19-0718,Happy,63,155,159
MAX19-0679,Blu Neon,0,94,133
MAX19-0680,Palla Di Neve,186,206,207
MAX19-0681,Cartazucchero,124,167,176
MAX19-0682,Blu Polveroso,102,161,175
MAX19-0683,Azzurro Grigio,67,149,169
MAX19-0684,Blu Ceruleo,21,142,168
MAX19-0685,Laguna Blu,3,114,138
MAX19-0686,Oceano Atlantico,0,103,126
MAX19-0687,Celeste Chicago,207,226,233
MAX19-0688,Poseidone,156,198,210
MAX19-0689,Lago Lunare,107,139,153
MAX19-0690,skyscrape,84,116,132
MAX19-0691,Grey Pipe,67,95,110
MAX19-0692,Blu di Russia,49,74,87
MAX19-0693,Impiastro,27,49,61
MAX19-0694,Fiume Alpino,200,222,225
MAX19-0695,Blu Bay,139,203,221
MAX19-0696,Marghi,126,187,206
MAX19-0697,Avio,79,129,152
MAX19-0698,Lago Di Como,60,106,127
MAX19-0659,Cielo Di Maggio,189,215,227
MAX19-0660,Scirocco,145,195,222
MAX19-0661,Formentera,136,180,206
MAX19-0662,Polverificio,87,128,157
MAX19-0663,Blu Suadente,69,107,135
MAX19-0664,Blu Stiloso,48,82,109
MAX19-0665,Notte Profonda,30,58,80
MAX19-0666,Bianco Ghiaccio,213,227,228
MAX19-0667,Brezza di Montagna,173,216,225
MAX19-0668,Cascata,108,189,213
MAX19-0669,Egeo,0,152,177
MAX19-0670,Topazio,0,129,175
MAX19-0671,Pianeta Blu,0,111,155
MAX19-0672,Blu Maiolica,0,79,110
MAX19-0673,Pupazzo Di Neve,183,205,209
MAX19-0674,Regina di Ghiacio,132,172,186
MAX19-0675,Blu Liberty,105,160,182
MAX19-0676,Azzurro Ceruleo,76,146,175
MAX19-0677,Blu Ghiaccio,35,136,172
MAX19-0678,Mar Mediterraneo,16,106,142
MAX19-0639,Celeste Game,153,193,223
MAX19-0640,Indicatore,145,180,213
MAX19-0641,Reazione,91,123,156
MAX19-0642,Impasto,71,99,135
MAX19-0643,Dio del Mare,52,77,109
MAX19-0644,Golia,33,52,82
MAX19-0645,Filo Neutro,217,227,228
MAX19-0646,Bonaccia,177,210,225
MAX19-0647,Mykonos,117,184,222
MAX19-0648,Celeste Sposa,107,168,207
MAX19-0649,Davide,0,103,167
MAX19-0650,Lapislazzuli,0,77,135
MAX19-0651,Cobalto,0,71,120
MAX19-0652,Art Style,201,214,218
MAX19-0653,Terralba,134,166,185
MAX19-0654,Azzurro Antico,110,153,180
MAX19-0655,Azzurro Balena,86,143,181
MAX19-0656,Imitazione di Blu,49,129,181
MAX19-0657,Ninfea,35,102,151
MAX19-0658,BluBerries,0,85,141
MAX19-0619,Cern,117,149,185
MAX19-0620,Farfalla,95,137,183
MAX19-0621,Fiore di Maggio,69,120,181
MAX19-0622,Blu Di Grecia,42,94,150
MAX19-0623,Blu China,12,73,137
MAX19-0624,Goccia D'Acqua,190,204,211
MAX19-0625,Blu Cielo,166,192,210
MAX19-0626,Neutrino,115,136,159
MAX19-0627,Blu cupo,92,112,135
MAX19-0628,Riservato,72,91,114
MAX19-0629,Mare Del Nord,52,68,91
MAX19-0630,Introverso,33,47,67
MAX19-0631,Acqua Termale,186,205,212
MAX19-0632,North Sky,159,195,213
MAX19-0633,notre dame,110,138,158
MAX19-0634,Alice,89,115,134
MAX19-0635,Tetti Di Parigi,71,94,113
MAX19-0636,Tramontana,49,72,90
MAX19-0637,Presagio,31,48,62
MAX19-0638,Spensieratezza,193,214,229
MAX19-0599,Il cappellaio,92,91,128
MAX19-0600,Ordine cavallersesco,70,69,103
MAX19-0601,Quaresima,56,47,90
MAX19-0602,Cattivo Pensiero,50,46,76
MAX19-0603,Ali Di Libellula,207,210,228
MAX19-0604,UFO,180,182,200
MAX19-0605,Quantico,131,133,158
MAX19-0606,Planetario,107,109,132
MAX19-0607,Rugantino,84,84,109
MAX19-0608,Caldera,63,63,86
MAX19-0609,Ercole,43,39,59
MAX19-0610,Sky,214,226,232
MAX19-0611,Miraggio,182,210,228
MAX19-0612,Bucolico,121,167,213
MAX19-0613,Mauve,80,141,201
MAX19-0614,Blu violetto,67,129,193
MAX19-0615,Scossa Elettrica,17,82,155
MAX19-0616,Periodo blu,6,64,123
MAX19-0617,Bimbo,208,222,230
MAX19-0618,Selenio,138,162,186
MAX19-0579,Infinito,65,75,110
MAX19-0580,Blu di Prussia,42,54,97
MAX19-0581,Blu Cosmico,37,46,77
MAX19-0582,Giarrettiera,240,220,199
MAX19-0583,Sirius,187,189,200
MAX19-0584,Neutrone,121,133,155
MAX19-0585,Crepuscolo,98,110,136
MAX19-0586,Bisanzio,82,90,113
MAX19-0587,Leonida,59,67,90
MAX19-0588,Scarabeo,39,45,66
MAX19-0589,Orione,223,225,227
MAX19-0590,Asterisco,199,200,209
MAX19-0591,Damigella D'Onore,187,189,213
MAX19-0592,Latte Di Bellezza,156,157,184
MAX19-0593,Ely,118,118,157
MAX19-0594,Bougainville,88,78,143
MAX19-0595,Senorita,58,53,108
MAX19-0596,Borace,224,222,223
MAX19-0597,Clemente,190,191,222
MAX19-0598,Dotty,144,144,183
MAX19-0559,lavendula,131,126,179
MAX19-0560,Pesce Imperatore,115,105,173
MAX19-0561,Mare Trasparente,221,225,225
MAX19-0562,Aria Pura,212,220,228
MAX19-0563,Angelico,192,206,228
MAX19-0564,Sospeso,156,177,213
MAX19-0565,Lillà Puro,138,162,215
MAX19-0566,Corindone,111,133,186
MAX19-0567,Ribelle,74,98,177
MAX19-0568,Je t'aime,215,219,222
MAX19-0569,Fiore Di Timo,195,202,210
MAX19-0570,Inganno,174,190,214
MAX19-0571,Mumbai,147,160,184
MAX19-0572,Blu Illusione,104,122,158
MAX19-0573,Blu Pentola,67,87,149
MAX19-0574,Blu D'Egitto,46,61,118
MAX19-0575,Calcare,206,210,213
MAX19-0576,Protone,183,200,228
MAX19-0577,Volta Celeste,128,146,183
MAX19-0578,Melodico,84,100,138
MAX19-0539,Irresistibile,82,47,95
MAX19-0540,Stella Cadente,214,210,217
MAX19-0541,Chilo,187,166,200
MAX19-0542,Laboratorio,167,132,164
MAX19-0543,Passion,112,90,125
MAX19-0544,Mille E Una Notte,84,65,95
MAX19-0545,Viola suadente,70,44,79
MAX19-0546,Viola Profondo,61,43,68
MAX19-0547,Minimal,224,218,224
MAX19-0548,Polvere Di Parma,175,153,172
MAX19-0549,These days,143,131,154
MAX19-0550,Big Easy,121,109,130
MAX19-0551,BELLE EPOQUE,96,84,106
MAX19-0552,Global,75,62,81
MAX19-0553,Colossal,52,40,57
MAX19-0554,Spirit,226,228,229
MAX19-0555,Sebastian,217,218,227
MAX19-0556,Silvia,200,204,225
MAX19-0557,Piccolo Pensiero,171,173,212
MAX19-0558,Fiori di Primavera,159,156,211
MAX19-0519,Tocco Delicato,228,218,223
MAX19-0520,Rosellino,196,145,189
MAX19-0521,Fiore Di Lillà,160,115,158
MAX19-0522,Giaciglio,116,84,112
MAX19-0523,Gioiello,90,62,87
MAX19-0524,Melanzana,73,40,68
MAX19-0525,Purple rain,64,40,60
MAX19-0526,Mousse,216,207,208
MAX19-0527,Le Vie en Rose,194,178,192
MAX19-0528,Ferriera,147,125,144
MAX19-0529,Andromeda,124,103,122
MAX19-0530,Fine Ottocento,102,81,99
MAX19-0531,Dorotea,78,58,75
MAX19-0532,Spazio Siderale,54,37,51
MAX19-0533,Effimero,222,220,223
MAX19-0534,Profumo di Iris,204,200,208
MAX19-0535,Passo Doppio,194,184,207
MAX19-0536,Lunare,165,153,179
MAX19-0537,Morbido Velluto,134,113,149
MAX19-0538,odore di lavanda,126,94,140
MAX19-0499,Cuore Sospeso,185,153,167
MAX19-0500,Suspance,150,122,136
MAX19-0501,Galleria,131,102,116
MAX19-0502,Levantina,109,81,96
MAX19-0503,Vinaccia,84,57,71
MAX19-0504,Vino Di Borgogna,60,38,49
MAX19-0505,Evanescente,246,226,209
MAX19-0506,Acqua di Colonia,211,200,221
MAX19-0507,Glitter,197,178,215
MAX19-0508,Aquilegia,177,149,203
MAX19-0509,Glicine,148,117,167
MAX19-0510,Lilla,136,95,159
MAX19-0511,Cuore di Firenze,110,74,132
MAX19-0512,Melamminico,227,221,222
MAX19-0513,Polline di iris,210,199,207
MAX19-0514,Rosa Poetico,203,179,199
MAX19-0515,Giuggiolone,161,139,174
MAX19-0516,Frivolo,140,109,140
MAX19-0517,Conturbante,135,88,129
MAX19-0518,Inarrestabile,90,43,82
MAX19-0479,Rosa Londinese,210,160,182
MAX19-0480,Pink Lady,204,137,173
MAX19-0481,Ciuccio Rosa,180,107,128
MAX19-0482,Maliziosa,166,87,127
MAX19-0483,Pantofola,132,62,96
MAX19-0484,Tenero Amore,208,193,206
MAX19-0485,Derby di trotto,183,133,156
MAX19-0486,Cappellino,151,104,126
MAX19-0487,Maga,124,82,102
MAX19-0488,Epopea,101,62,82
MAX19-0489,Pruno di dama,84,38,60
MAX19-0490,Mora selvatica,71,38,53
MAX19-0491,Bianco irriverente,230,222,227
MAX19-0492,Balletto Classico,228,212,226
MAX19-0493,Ammaliante,223,198,216
MAX19-0494,Pensiero di donna,199,162,192
MAX19-0495,Paillettes,187,123,179
MAX19-0496,Sexy,150,89,141
MAX19-0497,Diva,143,67,129
MAX19-0498,Bianco Banchisa,218,226,229
MAX19-0459,Damascato,127,80,93
MAX19-0460,Violaceo,100,54,68
MAX19-0461,Pazzo Di Te,81,36,49
MAX19-0462,Prugna Di Damasco,73,37,47
MAX19-0463,Infuso di ciclamino,234,220,221
MAX19-0464,Acqua di Malva,201,173,178
MAX19-0465,Rinascimento,155,122,131
MAX19-0466,Vignaiolo,133,99,109
MAX19-0467,Torta Di Prugne,110,78,87
MAX19-0468,Cantiniere,84,55,64
MAX19-0469,Vintage,62,37,44
MAX19-0470,Rosa Ballerina,233,224,223
MAX19-0471,Rosa Primavera,233,199,211
MAX19-0472,Rosa di Pistoia,224,174,196
MAX19-0473,Seriatopora,229,157,194
MAX19-0474,Corallo Viola,203,113,159
MAX19-0475,Rosa Di Cina,190,84,138
MAX19-0476,Petunia,158,62,111
MAX19-0477,Romantico,223,217,217
MAX19-0478,Gola,213,176,191
MAX19-0439,Dolce Bacio,172,84,97
MAX19-0440,Granatina,160,58,76
MAX19-0441,Porpora,136,36,53
MAX19-0442,Quarzite,231,224,223
MAX19-0443,Poison,234,205,211
MAX19-0444,Fiore di Ciliego,237,179,194
MAX19-0445,Rosa Setoso,216,136,159
MAX19-0446,Rosa Alternativo,198,83,119
MAX19-0447,Pocillopora,185,57,99
MAX19-0448,Osè,141,42,77
MAX19-0449,Rosa Merletto,210,221,223
MAX19-0450,Porcellana,226,150,171
MAX19-0451,Rosa Retrò,212,157,170
MAX19-0452,Romanzo Rosa,204,112,140
MAX19-0453,Litchi,176,85,114
MAX19-0454,Rosa Ardente,159,60,91
MAX19-0455,Rossetto,117,39,63
MAX19-0456,Yougurt Alla Frutta,219,186,187
MAX19-0457,Batavia,181,127,144
MAX19-0458,Serenata,152,102,118
MAX19-0419,Altapressione,194,60,70
MAX19-0420,Tartan,165,35,45
MAX19-0421,Rosa Sciroppo,231,219,216
MAX19-0422,Acquerello,236,204,205
MAX19-0423,Eglantina,235,191,193
MAX19-0424,Rosa Intrepido,237,171,180
MAX19-0425,Vamp,216,112,132
MAX19-0426,Pompei,190,62,84
MAX19-0427,Gorgonia Rossa,153,37,59
MAX19-0428,Body,238,220,215
MAX19-0429,Pupa,243,169,168
MAX19-0430,Bachata,219,131,134
MAX19-0431,Confettura di Cocomero,212,110,112
MAX19-0432,Vittoriano,179,86,90
MAX19-0433,Mattone,166,63,70
MAX19-0434,Corallo Rosso,147,39,47
MAX19-0435,Zucchero Filato,228,218,215
MAX19-0436,Voce di Donna,233,150,161
MAX19-0437,Rathi,211,129,141
MAX19-0438,Rosaceo,213,112,126
MAX19-0399,Arancio Nerboruto,146,42,33
MAX19-0400,Stalactite,228,217,211
MAX19-0401,Rosa chicco,246,190,179
MAX19-0402,Rosa pastello,245,147,140
MAX19-0403,Corallo di Satsuma,235,121,113
MAX19-0404,Rosa Bon Bon,230,98,93
MAX19-0405,guaranà,209,52,51
MAX19-0406,Primo Bacio,182,41,41
MAX19-0407,Infantile,225,207,199
MAX19-0408,Georgette,221,149,141
MAX19-0409,Rosso Chiaro,227,135,125
MAX19-0410,Mattone Chiaro,220,110,104
MAX19-0411,Cotto dell'impruneta,172,66,63
MAX19-0412,jacquard,157,47,44
MAX19-0413,Rosso Tiziano,159,36,35
MAX19-0414,Solista,237,224,214
MAX19-0415,Make-up,240,202,198
MAX19-0416,Caramella,239,145,146
MAX19-0417,Bambolina,228,121,124
MAX19-0418,Raso,204,87,94
MAX19-0379,Entalpia,243,222,211
MAX19-0380,Rosa crepuscolare,227,174,157
MAX19-0381,Cheyenne,226,149,133
MAX19-0382,Malá Strana,228,131,115
MAX19-0383,Calendula,217,92,77
MAX19-0384,Gym gate,209,74,62
MAX19-0385,Vigoroso,173,45,33
MAX19-0386,Perlato,238,223,213
MAX19-0387,Rosa Inglese,243,201,192
MAX19-0388,Rosa Chiffon,248,170,161
MAX19-0389,Giglio di Tigre,247,147,132
MAX19-0390,Happy Hour,233,85,68
MAX19-0391,Rosso Vulcano,198,54,39
MAX19-0392,Minio di Piombo,190,44,30
MAX19-0393,Latte Di Mandorla,233,226,219
MAX19-0394,Vino Grigio,223,195,182
MAX19-0395,Accenno di rosa,195,147,134
MAX19-0396,Cocciopesto,199,126,111
MAX19-0397,Ceramica,168,90,77
MAX19-0398,Rosso Mazzarino,146,54,43
MAX19-0359,Alito,201,150,130
MAX19-0360,Sciroppo D'acero,205,130,109
MAX19-0361,Tintura di Iodio,197,112,89
MAX19-0362,Terracotta,194,93,71
MAX19-0363,terra di Siena Bruciata,185,79,56
MAX19-0364,Arancio Robusto,176,61,39
MAX19-0365,Cerotto,226,193,175
MAX19-0366,Natural Beige,198,167,152
MAX19-0367,Essenza di Sandalo,177,128,111
MAX19-0368,Cappello Di Peltro,173,107,88
MAX19-0369,Rame invecchiato,169,91,72
MAX19-0370,Aratura,162,73,55
MAX19-0371,Terrina,150,60,40
MAX19-0372,Candela,224,222,223
MAX19-0373,Miss,248,203,189
MAX19-0374,Eau de femme,254,171,153
MAX19-0375,Rosa Audace,248,145,128
MAX19-0376,Carmen,242,105,90
MAX19-0377,Arancio '70,216,62,45
MAX19-0378,Arancio Pop,213,47,31
MAX19-0339,Nut,172,125,104
MAX19-0340,Picciolo,176,111,86
MAX19-0341,Ghianda,173,96,69
MAX19-0342,Arabescato,166,80,52
MAX19-0343,Sofà,162,69,40
MAX19-0344,Baco da seta,230,219,208
MAX19-0345,Seta Orientale,231,174,153
MAX19-0346,Corallo Rosa,234,157,131
MAX19-0347,Salvadanaio,232,134,107
MAX19-0348,Tramonto Frizzante,231,117,87
MAX19-0349,Rosso Verona,223,100,72
MAX19-0350,Tenda Da sole,215,82,55
MAX19-0351,Caucciù,240,224,211
MAX19-0352,Blush,247,188,165
MAX19-0353,Arancio Vezzoso,255,170,144
MAX19-0354,Rigoletto,251,148,120
MAX19-0355,Pesce Pagliaccio,251,153,124
MAX19-0356,BHANGRA,241,110,81
MAX19-0357,Lucido,238,93,64
MAX19-0358,Confidenze,228,206,191
MAX19-0319,Ciuffolotto,251,151,113
MAX19-0320,Clivia,248,134,93
MAX19-0321,Serpente del Grano,253,122,78
MAX19-0322,Arancione Matteo,245,104,57
MAX19-0323,Latte di Riso,245,221,201
MAX19-0324,Camma,227,173,145
MAX19-0325,Istrione,235,158,124
MAX19-0326,Pride,238,143,105
MAX19-0327,cocktail di benvenuto,230,122,84
MAX19-0328,Zucca,226,106,68
MAX19-0329,Arancio Indiano,222,92,51
MAX19-0330,Bacchette cinesi,219,203,190
MAX19-0331,Charme,198,148,123
MAX19-0332,Momento di lettura,206,134,105
MAX19-0333,Caldo Abbraccio,203,115,84
MAX19-0334,Crusca Dorata,197,101,67
MAX19-0335,Sari,194,86,51
MAX19-0336,Scorfano Bruno,179,69,36
MAX19-0337,Polvere di Mandorla,221,204,188
MAX19-0338,Gerla,194,165,147
MAX19-0299,Babà,202,107,66
MAX19-0300,Arancio Tribale,194,92,47
MAX19-0301,Melanì,194,80,34
MAX19-0302,Balsa,231,221,218
MAX19-0303,Sfinge,197,166,143
MAX19-0304,Mirra,182,132,105
MAX19-0305,Babilonia,178,113,83
MAX19-0306,Canoa Canadese,173,98,65
MAX19-0307,Affumicato,165,84,49
MAX19-0308,Foglia D'autunno,162,74,38
MAX19-0309,Latte di Cocco,221,219,227
MAX19-0310,Spugna,233,191,155
MAX19-0311,Spirografo,218,177,143
MAX19-0312,Tarbu,217,173,145
MAX19-0313,Amarcord,147,81,53
MAX19-0314,Riva,123,59,34
MAX19-0315,Incenso,117,60,37
MAX19-0316,Latte D'avena,243,225,209
MAX19-0317,Periferia,253,193,162
MAX19-0318,Porifera,250,169,134
MAX19-0279,Visone,127,63,33
MAX19-0280,Croccantino,123,67,38
MAX19-0281,Pastina,234,229,215
MAX19-0282,Pompelmo Rosa,251,190,155
MAX19-0283,Cantalupo,255,176,132
MAX19-0284,Gelatina di Albicocca,255,159,110
MAX19-0285,Sciroppo,253,140,88
MAX19-0286,Crema Solare,253,128,72
MAX19-0287,Arancio Sfavillante,243,110,51
MAX19-0288,Cuore di Nocciola,231,207,186
MAX19-0289,Baia di Chia,239,180,145
MAX19-0290,Stella Marina,241,161,120
MAX19-0291,Acchiappasogni,244,147,98
MAX19-0292,Orange,239,132,81
MAX19-0293,Vecchia Maiolica,232,113,61
MAX19-0294,Macaron,228,100,45
MAX19-0295,Lido Di Orrì,236,232,237
MAX19-0296,La Flaca,202,149,119
MAX19-0297,Anfora,208,135,99
MAX19-0298,Copertina,207,121,81
MAX19-0259,Cartagena,252,124,50
MAX19-0260,Meringa tarte,244,222,195
MAX19-0261,Dolcetto,235,179,137
MAX19-0262,Olio di Carota,241,167,116
MAX19-0263,Mar Morto,238,151,95
MAX19-0264,Marrakech,237,137,77
MAX19-0265,Patata Dolce,233,122,60
MAX19-0266,Spremiagrumi,232,112,42
MAX19-0267,lana shetland,230,217,200
MAX19-0268,Muesli,201,153,118
MAX19-0269,Shet,204,137,96
MAX19-0270,Pesce Leone,220,150,104
MAX19-0271,Burro Di Arachidi,204,116,63
MAX19-0272,Tigre del Bengala,197,101,48
MAX19-0273,Paleolitico,194,89,31
MAX19-0274,Corallo a Bolla,221,207,185
MAX19-0275,Barbetta di cotone,198,167,141
MAX19-0276,Castagno Chiaro,172,129,100
MAX19-0277,Falena,177,116,79
MAX19-0278,Addormentasuodere,145,82,49
MAX19-0239,Limonata,235,227,208
MAX19-0240,Ferrigno,208,197,175
MAX19-0241,Elegant Sneakers,214,190,155
MAX19-0242,Cordata,218,185,141
MAX19-0243,Gelatina di Carne,153,102,66
MAX19-0244,Tabacco Essiccato,143,79,36
MAX19-0245,Sigaro,123,80,50
MAX19-0246,Sabbia fine,231,220,199
MAX19-0247,Bej,208,192,173
MAX19-0248,Nudo Perfetto,214,187,155
MAX19-0249,Ginseng,219,180,140
MAX19-0250,Crema di Caramello,148,91,50
MAX19-0251,Pipa,128,69,31
MAX19-0252,Toscano,123,71,39
MAX19-0253,carnato,245,226,201
MAX19-0254,Sorriso,254,198,154
MAX19-0255,Dalia,255,180,127
MAX19-0256,Arancio Vivido,252,163,103
MAX19-0257,Aranciata,253,167,108
MAX19-0258,Clementino,255,141,70
MAX19-0219,Croccante,237,187,137
MAX19-0220,Pendente di Resina,240,174,116
MAX19-0221,Zenzero Caramellato,245,162,95
MAX19-0222,Arancio di Ginevra,241,148,76
MAX19-0223,Mousse di Peperoni,241,137,58
MAX19-0224,Polvere D'ambra,234,123,40
MAX19-0225,Pastiglia,228,201,168
MAX19-0226,Cartina Antica,205,160,120
MAX19-0227,Nocciola Ambrato,207,145,94
MAX19-0228,Cannella,208,135,79
MAX19-0229,Fauve De Bretagne,207,122,60
MAX19-0230,Coffe & Music,203,112,47
MAX19-0231,Timpano,203,102,31
MAX19-0232,Zucchero Grezzo,236,232,207
MAX19-0233,beige aesthetic,203,177,148
MAX19-0234,Capriolo,177,135,97
MAX19-0235,Cammello,176,123,80
MAX19-0236,Bretzel,175,111,63
MAX19-0237,Cognac,174,99,48
MAX19-0238,Bambi,171,90,35
MAX19-0199,Babbuino,172,136,97
MAX19-0200,Torta di Carote,174,127,78
MAX19-0201,Crumble di mele,175,119,63
MAX19-0202,Capanna,173,110,46
MAX19-0203,Yak,169,98,31
MAX19-0204,Cera di Soia,242,230,202
MAX19-0205,Lavish,247,221,180
MAX19-0206,Ascesa,249,220,185
MAX19-0207,Criceto,250,216,166
MAX19-0208,Salmone,250,208,164
MAX19-0209,Diskus,255,174,102
MAX19-0210,Albiccocca Secca,255,151,68
MAX19-0211,Spicchio D'aglio,243,226,199
MAX19-0212,Fico Secco,235,201,152
MAX19-0213,Crema Di Cavolo,236,196,153
MAX19-0214,Salsa Rosa,250,202,153
MAX19-0215,Campo di Frumento,255,188,125
MAX19-0216,Caraibi,255,161,83
MAX19-0217,Ace,255,158,74
MAX19-0218,Mousse Di Caffe,231,210,183
MAX19-0179,Frutto Tropicale,255,187,104
MAX19-0180,Giallo Cambogia,255,176,83
MAX19-0181,Alchechengi,255,163,62
MAX19-0182,Assolato,255,177,68
MAX19-0183,Leggero,246,227,194
MAX19-0184,Panatura,231,191,139
MAX19-0185,Tabacchiera,242,183,116
MAX19-0186,Nettarina,244,173,94
MAX19-0187,Sogno indiano,241,161,74
MAX19-0188,Splendente,247,151,54
MAX19-0189,Birra Ambrata,242,140,37
MAX19-0190,Nettare di Pera,227,202,165
MAX19-0191,Canapo,200,161,115
MAX19-0192,Deserto del Gobi,203,153,97
MAX19-0193,Savana,221,165,102
MAX19-0194,Hindu Kush,206,133,60
MAX19-0195,Giallo Noir,205,123,43
MAX19-0196,Diversamente Giallo,201,112,23
MAX19-0197,Blocco D'autunno,225,205,166
MAX19-0198,Zucchero di Canna,193,172,141
MAX19-0159,Millevoglie,244,175,74
MAX19-0160,Carnevale,247,168,52
MAX19-0161,Futura,241,156,30
MAX19-0162,Essenziale,221,211,188
MAX19-0163,Desertico,198,167,120
MAX19-0164,Ocra,202,160,98
MAX19-0165,Maschera Inca,204,151,79
MAX19-0166,Giallo Ossido,206,144,58
MAX19-0167,Bizantino,200,134,40
MAX19-0168,Ocarina,204,127,16
MAX19-0169,Polvere di Marmo,231,223,202
MAX19-0170,Yuta,193,174,142
MAX19-0171,Mucchio,175,143,101
MAX19-0172,Nastro da imballaggio,192,156,108
MAX19-0173,Antilope,175,125,61
MAX19-0174,Grano di Senape,171,115,47
MAX19-0175,Brassica,170,108,31
MAX19-0176,Sake,243,230,201
MAX19-0177,Percoca,254,210,148
MAX19-0178,Peschino,255,197,126
MAX19-0139,Gialli Caldo,243,196,79
MAX19-0140,Gialli Semaforo,235,171,24
MAX19-0141,Avorio,241,233,207
MAX19-0142,Paglierino,248,221,158
MAX19-0143,Ananas,252,216,129
MAX19-0144,Baleno,255,213,110
MAX19-0145,Illuminazione,252,198,82
MAX19-0146,Spicchio di Sole,253,189,57
MAX19-0147,Idea,250,188,31
MAX19-0148,Vino Bianco,248,225,181
MAX19-0149,Crema della nonna,252,218,159
MAX19-0150,Metallo Alcalino,255,206,128
MAX19-0151,Tramonto lontano,255,202,109
MAX19-0152,Astro,255,192,85
MAX19-0153,Pesce Farfalla,255,195,87
MAX19-0154,Big Bang,255,193,59
MAX19-0155,Aurora,250,221,169
MAX19-0156,Succo alla Pera,230,197,141
MAX19-0157,Cereali,234,187,116
MAX19-0158,Mais Soffiato,243,183,94
MAX19-0119,Curcuma,191,132,19
MAX19-0120,Cottage,223,208,168
MAX19-0121,Lino Antico,190,177,145
MAX19-0122,Moderna Intuizione,169,145,100
MAX19-0123,Caldo confort,167,136,80
MAX19-0124,Accenno di Gialli,166,129,60
MAX19-0125,Semenza,160,117,44
MAX19-0126,Gialli Brigante,157,113,31
MAX19-0127,Bianco Seta,241,235,208
MAX19-0128,Slivovitz brandy,241,224,157
MAX19-0129,Fiore di Zolfo,250,224,133
MAX19-0130,Batter D'occhio,249,218,105
MAX19-0131,Mattino,246,220,108
MAX19-0132,Limone,238,200,53
MAX19-0133,Pensiero stupendo,246,209,50
MAX19-0134,Lettera dal passato,243,231,199
MAX19-0135,Ancia,229,204,143
MAX19-0136,Battente,226,192,116
MAX19-0137,Safari,241,207,124
MAX19-0138,Freccia,235,186,73
MAX19-0099,Granita al pistacchio,218,210,161
MAX19-0100,Tocco Verde,192,176,124
MAX19-0101,Olio D'Oliva,189,167,98
MAX19-0102,Amaro alle erbe,192,165,77
MAX19-0103,Pot pourri di spezie,185,155,57
MAX19-0104,Olio Denso,183,146,36
MAX19-0105,Senape Forte,182,135,14
MAX19-0106,Penny,220,214,190
MAX19-0107,Ponte di Legno,191,179,144
MAX19-0108,Titano,165,147,101
MAX19-0109,Roccia del Vesuvio,184,162,105
MAX19-0110,Oleaceo,158,133,61
MAX19-0111,Erba di Bisonte,150,123,43
MAX19-0112,Effetto Scapolite,148,115,28
MAX19-0113,Alsazia,226,210,158
MAX19-0114,Spino di Rosa,195,170,121
MAX19-0115,Piacevole Abbraccio,194,161,95
MAX19-0116,Semi di Sesamo,201,160,76
MAX19-0117,Giallo di Digione,192,149,58
MAX19-0118,Serafico,192,138,36
MAX19-0079,Canarino,240,227,160
MAX19-0080,Riflesso di sole,239,222,137
MAX19-0081,Crema di Limone,236,217,107
MAX19-0082,Banana,233,211,82
MAX19-0083,Gialli Flash,232,206,58
MAX19-0084,Gialli Oliva,224,199,27
MAX19-0085,Cremoso,209,223,221
MAX19-0086,Orso di Pezza,215,205,143
MAX19-0087,Pera,216,202,118
MAX19-0088,Fico di marsiglia,215,198,92
MAX19-0089,Frutto del pane,207,186,71
MAX19-0090,Assenzio,207,180,50
MAX19-0091,Citronella,204,178,22
MAX19-0092,Vaniglia,243,227,173
MAX19-0093,Nocciolina,227,209,146
MAX19-0094,Abate Fetel,224,201,119
MAX19-0095,Crema al lImone,224,196,96
MAX19-0096,Fiore d'arbusto,224,190,71
MAX19-0097,Gialli Acidulo,222,182,48
MAX19-0098,Fumetto Giapponese,216,173,22
MAX19-0059,Cascata alpina,218,229,223
MAX19-0060,Riflesso Argentato,213,225,219
MAX19-0061,Farina Saracena,204,213,212
MAX19-0062,Grigio Sportivo,193,200,197
MAX19-0063,Grigio caffettiera,169,182,184
MAX19-0064,Marmo di Carrara,211,229,231
MAX19-0065,Celestino,202,186,175
MAX19-0066,Brezza di mare,215,228,230
MAX19-0067,Ceruleo,195,218,229
MAX19-0068,Specchio d'acqua,191,227,239
MAX19-0069,Polvere di Fucina,189,214,222
MAX19-0070,Firmamento,209,223,243
MAX19-0071,Vodka,216,231,229
MAX19-0072,Bianco Alpino,211,219,224
MAX19-0073,Fiore di Campo,197,211,221
MAX19-0074,Cala Ginepro,204,220,229
MAX19-0075,Blu Anice,182,210,228
MAX19-0076,Seducente Speranza,186,213,225
MAX19-0077,Illusione nel deserto,175,201,212
MAX19-0078,Polpa di Mela,237,230,189
MAX19-0039,Violino,229,211,210
MAX19-0040,Sweet Dreams,231,214,216
MAX19-0041,Rosa Pearl,244,225,225
MAX19-0042,Rosa Confetto,242,213,214
MAX19-0043,Biancospino,224,229,223
MAX19-0044,Spolverino,219,222,218
MAX19-0045,Orso Polare,214,217,216
MAX19-0046,Grigetto,207,213,214
MAX19-0047,Calcina,222,222,217
MAX19-0048,Alcalino,218,217,208
MAX19-0049,Talpa Chiaro,193,188,172
MAX19-0050,Bianco Fiore,236,229,222
MAX19-0051,Rugiada,225,230,222
MAX19-0052,Luce d'inverno,222,225,209
MAX19-0053,Grigio Candido,210,211,195
MAX19-0054,Medicina,216,221,209
MAX19-0055,Salgemma Minerale,213,217,204
MAX19-0056,Lana di roccia,195,198,186
MAX19-0057,Bucaneve,226,231,224
MAX19-0058,Fresco Risveglio,223,232,226
MAX19-0019,Borsa di Bolina,231,226,214
MAX19-0020,Gerlo,234,223,207
MAX19-0021,Ecru,219,210,192
MAX19-0022,Bianco Elegante,229,234,232
MAX19-0023,Randa,236,233,226
MAX19-0024,Mognolia,236,232,223
MAX19-0025,Iris,231,225,218
MAX19-0026,Dolcificante,235,231,224
MAX19-0027,Crepitio,234,228,220
MAX19-0028,Testiera,222,212,202
MAX19-0029,Cristalli Di Quarzo,227,225,226
MAX19-0030,Tulle,229,225,223
MAX19-0031,Violetto Timido,223,213,213
MAX19-0032,Carnicino,233,220,216
MAX19-0033,Pink Baby,231,211,209
MAX19-0034,Tutù,230,203,197
MAX19-0035,Scarpetta da Punta,234,205,198
MAX19-0036,Burro Cacao,233,227,225
MAX19-0037,Luce Rosea,233,222,218
MAX19-0038,Riflesso colorato,242,227,224
MAX19-00000,Trasparente,255,255,255
MAX19-0000,Bianco,255,255,255
MAX19-0001,Calce Antica,233,232,224
MAX19-0002,Siero,241,235,217
MAX19-0003,Bianco Latte,231,229,213
MAX19-0004,Lino,224,219,205
MAX19-0005,Trench,240,234,217
MAX19-0006,Diplomatica,243,230,201
MAX19-0007,Crema Chantilly,242,231,205
MAX19-0008,Mascarpone,235,225,209
MAX19-0009,Tenue,238,234,220
MAX19-0010,Gelato alla Vaniglia,241,229,210
MAX19-0011,Fior Fiore,242,231,212
MAX19-0012,Pesca,244,235,221
MAX19-0013,Soave,246,234,212
MAX19-0014,Biscotto,238,228,212
MAX19-0015,Fiore Di Cotone,236,228,216
MAX19-0016,Seta Grezza,236,231,222
MAX19-0017,Light Ecru,226,222,209
MAX19-0018,Pistillo,225,221,208
